{
    "train_mse": 42.59067169064696,
    "train_mae": 3.6092788454544134,
    "test_mse": 85.78681855166802,
    "test_mae": 5.5599674532139955,
    "test_nonzero_mse": 167.00445009535918,
    "test_nonzero_mae": 10.82962492053401
}